{
	"partitions" : [
		{
			"name" : "Top",
			"pins" : [
				{
					"name" : "channel[0]",
					"strict" : false
				},
				{
					"name" : "channel[1]",
					"strict" : false
				},
				{
					"name" : "channel[2]",
					"strict" : false
				},
				{
					"name" : "data_out_0[0]",
					"strict" : false
				},
				{
					"name" : "data_out_0[1]",
					"strict" : false
				},
				{
					"name" : "data_out_0[2]",
					"strict" : false
				},
				{
					"name" : "data_out_0[3]",
					"strict" : false
				},
				{
					"name" : "data_out_0[4]",
					"strict" : false
				},
				{
					"name" : "data_out_0[5]",
					"strict" : false
				},
				{
					"name" : "data_out_0[6]",
					"strict" : false
				},
				{
					"name" : "data_out_0[7]",
					"strict" : false
				},
				{
					"name" : "data_out_0[8]",
					"strict" : false
				},
				{
					"name" : "data_out_0[9]",
					"strict" : false
				},
				{
					"name" : "data_out_0[10]",
					"strict" : false
				},
				{
					"name" : "data_out_0[11]",
					"strict" : false
				},
				{
					"name" : "data_out_1[0]",
					"strict" : false
				},
				{
					"name" : "data_out_1[1]",
					"strict" : false
				},
				{
					"name" : "data_out_1[2]",
					"strict" : false
				},
				{
					"name" : "data_out_1[3]",
					"strict" : false
				},
				{
					"name" : "data_out_1[4]",
					"strict" : false
				},
				{
					"name" : "data_out_1[5]",
					"strict" : false
				},
				{
					"name" : "data_out_1[6]",
					"strict" : false
				},
				{
					"name" : "data_out_1[7]",
					"strict" : false
				},
				{
					"name" : "data_out_1[8]",
					"strict" : false
				},
				{
					"name" : "data_out_1[9]",
					"strict" : false
				},
				{
					"name" : "data_out_1[10]",
					"strict" : false
				},
				{
					"name" : "data_out_1[11]",
					"strict" : false
				},
				{
					"name" : "data_out_2[0]",
					"strict" : false
				},
				{
					"name" : "data_out_2[1]",
					"strict" : false
				},
				{
					"name" : "data_out_2[2]",
					"strict" : false
				},
				{
					"name" : "data_out_2[3]",
					"strict" : false
				},
				{
					"name" : "data_out_2[4]",
					"strict" : false
				},
				{
					"name" : "data_out_2[5]",
					"strict" : false
				},
				{
					"name" : "data_out_2[6]",
					"strict" : false
				},
				{
					"name" : "data_out_2[7]",
					"strict" : false
				},
				{
					"name" : "data_out_2[8]",
					"strict" : false
				},
				{
					"name" : "data_out_2[9]",
					"strict" : false
				},
				{
					"name" : "data_out_2[10]",
					"strict" : false
				},
				{
					"name" : "data_out_2[11]",
					"strict" : false
				},
				{
					"name" : "p[0]",
					"strict" : false
				},
				{
					"name" : "p[1]",
					"strict" : false
				},
				{
					"name" : "p[2]",
					"strict" : false
				},
				{
					"name" : "p[3]",
					"strict" : false
				},
				{
					"name" : "p[4]",
					"strict" : false
				},
				{
					"name" : "p[5]",
					"strict" : false
				},
				{
					"name" : "p[6]",
					"strict" : false
				},
				{
					"name" : "p[7]",
					"strict" : false
				},
				{
					"name" : "p[8]",
					"strict" : false
				},
				{
					"name" : "p[9]",
					"strict" : false
				},
				{
					"name" : "p[10]",
					"strict" : false
				},
				{
					"name" : "p[11]",
					"strict" : false
				},
				{
					"name" : "p[12]",
					"strict" : false
				},
				{
					"name" : "p[13]",
					"strict" : false
				},
				{
					"name" : "p[14]",
					"strict" : false
				},
				{
					"name" : "p[15]",
					"strict" : false
				},
				{
					"name" : "p[16]",
					"strict" : false
				},
				{
					"name" : "p[17]",
					"strict" : false
				},
				{
					"name" : "p[18]",
					"strict" : false
				},
				{
					"name" : "p[19]",
					"strict" : false
				},
				{
					"name" : "p[20]",
					"strict" : false
				},
				{
					"name" : "p[21]",
					"strict" : false
				},
				{
					"name" : "p[22]",
					"strict" : false
				},
				{
					"name" : "p[23]",
					"strict" : false
				},
				{
					"name" : "p[24]",
					"strict" : false
				},
				{
					"name" : "p[25]",
					"strict" : false
				},
				{
					"name" : "p[26]",
					"strict" : false
				},
				{
					"name" : "p[27]",
					"strict" : false
				},
				{
					"name" : "p[28]",
					"strict" : false
				},
				{
					"name" : "p[29]",
					"strict" : false
				},
				{
					"name" : "p[30]",
					"strict" : false
				},
				{
					"name" : "p[31]",
					"strict" : false
				},
				{
					"name" : "reset",
					"strict" : false
				},
				{
					"name" : "sweep",
					"strict" : false
				},
				{
					"name" : "complete",
					"strict" : false
				},
				{
					"name" : "HEX0[6]",
					"strict" : false
				},
				{
					"name" : "HEX0[5]",
					"strict" : false
				},
				{
					"name" : "HEX0[4]",
					"strict" : false
				},
				{
					"name" : "HEX0[3]",
					"strict" : false
				},
				{
					"name" : "HEX0[2]",
					"strict" : false
				},
				{
					"name" : "HEX0[1]",
					"strict" : false
				},
				{
					"name" : "HEX0[0]",
					"strict" : false
				},
				{
					"name" : "HEX1[6]",
					"strict" : false
				},
				{
					"name" : "HEX1[5]",
					"strict" : false
				},
				{
					"name" : "HEX1[4]",
					"strict" : false
				},
				{
					"name" : "HEX1[3]",
					"strict" : false
				},
				{
					"name" : "HEX1[2]",
					"strict" : false
				},
				{
					"name" : "HEX1[1]",
					"strict" : false
				},
				{
					"name" : "HEX1[0]",
					"strict" : false
				},
				{
					"name" : "HEX2[6]",
					"strict" : false
				},
				{
					"name" : "HEX2[5]",
					"strict" : false
				},
				{
					"name" : "HEX2[4]",
					"strict" : false
				},
				{
					"name" : "HEX2[3]",
					"strict" : false
				},
				{
					"name" : "HEX2[2]",
					"strict" : false
				},
				{
					"name" : "HEX2[1]",
					"strict" : false
				},
				{
					"name" : "HEX2[0]",
					"strict" : false
				},
				{
					"name" : "HEX3[6]",
					"strict" : false
				},
				{
					"name" : "HEX3[5]",
					"strict" : false
				},
				{
					"name" : "HEX3[4]",
					"strict" : false
				},
				{
					"name" : "HEX3[3]",
					"strict" : false
				},
				{
					"name" : "HEX3[2]",
					"strict" : false
				},
				{
					"name" : "HEX3[1]",
					"strict" : false
				},
				{
					"name" : "HEX3[0]",
					"strict" : false
				},
				{
					"name" : "HEX4[6]",
					"strict" : false
				},
				{
					"name" : "HEX4[5]",
					"strict" : false
				},
				{
					"name" : "HEX4[4]",
					"strict" : false
				},
				{
					"name" : "HEX4[3]",
					"strict" : false
				},
				{
					"name" : "HEX4[2]",
					"strict" : false
				},
				{
					"name" : "HEX4[1]",
					"strict" : false
				},
				{
					"name" : "HEX4[0]",
					"strict" : false
				},
				{
					"name" : "HEX5[6]",
					"strict" : false
				},
				{
					"name" : "HEX5[5]",
					"strict" : false
				},
				{
					"name" : "HEX5[4]",
					"strict" : false
				},
				{
					"name" : "HEX5[3]",
					"strict" : false
				},
				{
					"name" : "HEX5[2]",
					"strict" : false
				},
				{
					"name" : "HEX5[1]",
					"strict" : false
				},
				{
					"name" : "HEX5[0]",
					"strict" : false
				},
				{
					"name" : "LEDOUT[0]",
					"strict" : false
				},
				{
					"name" : "LEDOUT[1]",
					"strict" : false
				},
				{
					"name" : "LEDOUT[2]",
					"strict" : false
				},
				{
					"name" : "counter_DISPLAY[0]",
					"strict" : false
				},
				{
					"name" : "counter_DISPLAY[1]",
					"strict" : false
				},
				{
					"name" : "counter_DISPLAY[2]",
					"strict" : false
				},
				{
					"name" : "counter_DISPLAY[3]",
					"strict" : false
				},
				{
					"name" : "counter_DISPLAY[4]",
					"strict" : false
				},
				{
					"name" : "counter_DISPLAY[5]",
					"strict" : false
				},
				{
					"name" : "clock",
					"strict" : false
				},
				{
					"name" : "data_in",
					"strict" : false
				}
			]
		}
	]
}